Cpd_Id	Name	DataSet	CpdClass	Smiles	InChIKey	ECFC4	ECFP6
CHEMBL1084738	CHEMBL1084738	SmoAnta	SmoAnta	O=C(c1ccccc1)N1CCN(c2nnc(-c3ccccc3)c3ccccc23)CC1	OEZQQFDHMPRYIY-UHFFFAOYSA-N	0.237	0.115
CHEMBL4632769	CHEMBL4632769	SmoAnta	SmoAnta	O=C(Nc1cccc(-c2ncc[nH]2)c1)c1ccc(OCc2ccccn2)cc1	QLYUQQFPZGDCOK-UHFFFAOYSA-N	0.173	0.091
CHEMBL4637222	CHEMBL4637222	SmoAnta	SmoAnta	O=C(Nc1cccc(-c2c[nH]cn2)c1)c1ccc(OCc2ccccn2)cc1	GMZGJAZZPCOGEB-UHFFFAOYSA-N	0.173	0.089
CHEMBL2160078	CHEMBL2160078	SmoAnta	SmoAnta	O=C(Nc1cccc(-c2nc(-c3ccccc3)c[nH]2)c1)c1ccc(N2CCOCC2)cc1	RERDGFFOLSQUJE-UHFFFAOYSA-N	0.217	0.086
CHEMBL2160068	CHEMBL2160068	SmoAnta	SmoAnta	c1ccc(-c2c[nH]c(-c3cccc(N=c4[nH]ccc5nc(N6CCOCC6)ccc45)c3)n2)cc1	GTHJNYKIVITSMB-UHFFFAOYSA-N	0.199	0.073
CHEMBL2160071	CHEMBL2160071	SmoAnta	SmoAnta	c1ccc(-c2c[nH]c(-c3cccc(N=c4cc[nH]c5cc(N6CCOCC6)ccc45)c3)n2)cc1	RGDXASSTCDHBAA-UHFFFAOYSA-N	0.199	0.072
CHEMBL2160079	CHEMBL2160079	SmoAnta	SmoAnta	O=C(Nc1cccc(-c2nc(-c3ccccc3)c[nH]2)c1)c1ccccc1	NDSCLZHRZMAEOB-UHFFFAOYSA-N	0.22	0.079
CHEMBL1209455	CHEMBL1209455	SmoAnta	SmoAnta	O=C(c1ccccc1)N1CCN(c2nnc(-c3ccccc3)c3ccncc23)CC1	PZDVBGOXHBHTRS-UHFFFAOYSA-N	0.237	0.119
CHEMBL4288592	CHEMBL4288592	SmoAnta	SmoAnta	O=C(NC1CCN(c2nnc(-c3cc[nH]n3)c3ccccc23)CC1)c1ccc(Oc2ccccc2)cc1	RQKZZSNAWLLWRD-UHFFFAOYSA-N	0.204	0.094
CHEMBL497266	CHEMBL497266	SmoAnta	SmoAnta	c1ccc(Cc2nnc(N3CCN(c4ccccn4)CC3)c3ccccc23)cc1	FCTUWPXBMWNCFN-UHFFFAOYSA-N	0.231	0.079
CHEMBL538867	CHEMBL538867	SmoAnta	SmoAnta	C1=C2CC3C4CCCCC4CCC3C2CCC2(C1)CC1NCCCC1O2	LYTRMLIZOGOLNE-UHFFFAOYSA-N	0.079	0.069
CHEMBL2160074	CHEMBL2160074	SmoAnta	SmoAnta	c1ccc(-c2c[nH]c(-c3cccc(N=c4[nH]ccc5cc(N6CCOCC6)ccc45)c3)n2)cc1	LLGBUMLUVNFYRZ-UHFFFAOYSA-N	0.199	0.081
CHEMBL1084730	CHEMBL1084730	SmoAnta	SmoAnta	O=C(c1ccccc1)N1CCN(c2nnc(-c3ccc(C4CC4)cc3)c3ccccc23)CC1	QWOIXUPLFKJBKH-UHFFFAOYSA-N	0.232	0.103
CHEMBL2142592	CHEMBL2142592	SmoAnta	SmoAnta	O=C(NC1CCN(c2nnc(-c3cc[nH]n3)c3ccccc23)CC1)c1ccccc1	BDDCABCXMRQZQP-UHFFFAOYSA-N	0.237	0.103
CHEMBL2160208	CHEMBL2160208	SmoAnta	SmoAnta	O=C(NC1CCN(Cc2ccc(N3CCC(NC(=O)c4cccc(-c5cccnc5)c4)CC3)nc2)CC1)c1cccc(-c2cccnc2)c1	CHEGQSMAFNABCA-UHFFFAOYSA-N	0.153	0.085
CHEMBL4539839	CHEMBL4539839	SmoAnta	SmoAnta	O=c1n(Cc2ccccc2)ccn1-c1ccccc1	VVWFADRQQNAJJW-UHFFFAOYSA-N	0.24	0.084
CHEMBL516246	CHEMBL516246	SmoAnta	SmoAnta	O=C(Nc1cccc(-c2nc3ccccc3[nH]2)c1)c1ccccc1	VQPPCWQBNXUGJV-UHFFFAOYSA-N	0.231	0.09
CHEMBL4278388	CHEMBL4278388	SmoAnta	SmoAnta	O=C(NC1CCN(c2ccc(-c3cc[nH]n3)c3ccccc23)CC1)c1ccccc1	FLFMHNZHLCBHEY-UHFFFAOYSA-N	0.246	0.124
CHEMBL474507	CHEMBL474507	SmoAnta	SmoAnta	O=C(Nc1ccc2c(c1)CC(NCc1nccs1)C2)c1ccccc1-c1ccccc1	ZMLRDNXFQYDKBK-UHFFFAOYSA-N	0.231	0.113
CHEMBL1813106	CHEMBL1813106	SmoAnta	SmoAnta	O=C(Nc1cccnc1-c1ccccc1)N1CCn2c(cn(C3CC3c3ccccc3)c2=O)C1	LDPMPMZSLRLAIV-UHFFFAOYSA-N	0.236	0.099
CHEMBL2043435	CHEMBL2043435	SmoAnta	SmoAnta	O=C(Nc1ccccc1)NC1CCNC(c2nc3ccccc3[nH]2)C1	XXGKRYCLBSWDGZ-UHFFFAOYSA-N	0.235	0.083
CHEMBL2043430	CHEMBL2043430	SmoAnta	SmoAnta	O=C(Nc1cccc(-c2nc3ccccc3[nH]2)c1)c1ccc2c(c1)OCCO2	GFIVAICXNHIFGK-UHFFFAOYSA-N	0.238	0.107
CHEMBL561533	CHEMBL561533	SmoAnta	SmoAnta	c1ccc(-n2ncc3ccccc32)cc1	AZQJQRTZFPAGNV-UHFFFAOYSA-N	0.242	0.089
CHEMBL2059859	CHEMBL2059859	SmoAnta	SmoAnta	O=C(Nc1cccc(-c2nc3ccccc3[nH]2)c1)c1ccc(OCc2ccccn2)cc1	CSYBVNREYGLSEW-UHFFFAOYSA-N	0.183	0.094
CHEMBL2031290	CHEMBL2031290	SmoAnta	SmoAnta	O=C(N=CNc1cccc(NC(=O)c2ccc(-c3ccccc3)cc2)c1)c1ccccc1	JLNPALVUYIITSL-UHFFFAOYSA-N	0.201	0.099
CHEMBL2160070	CHEMBL2160070	SmoAnta	SmoAnta	c1ccc(-c2c[nH]c(-c3cccc(Nc4cccc5nc(N6CCOCC6)ccc45)c3)n2)cc1	MHVIAROONHVDKY-UHFFFAOYSA-N	0.199	0.1
CHEMBL471672	CHEMBL471672	SmoAnta	SmoAnta	O=C(Nc1ccc2c(c1)CC(NCc1ccco1)C2)c1ccccc1-c1ccccc1	JHGCAQBVNMMAPM-UHFFFAOYSA-N	0.241	0.126
CHEMBL1824915	CHEMBL1824915	SmoAnta	SmoAnta	O=C(Nc1ccc(-c2cccc(-c3ccccc3)c2)cc1)c1ccccc1	CRSHGSBECHNOEJ-UHFFFAOYSA-N	0.214	0.105
CHEMBL473417	CHEMBL473417	SmoAnta	SmoAnta	O=C(Nc1cccc(-c2ccccn2)c1)c1ccccc1	QDLUKFWIDNKJIE-UHFFFAOYSA-N	0.216	0.111
CHEMBL4441529	CHEMBL4441529	SmoAnta	SmoAnta	O=C(NC1CCCCC1)C1CCN(c2nnc(-n3nccc3CN=c3cccc[nH]3)s2)CC1	WNCLAPFSFOVSAD-UHFFFAOYSA-N	0.14	0.086
CHEMBL1824916	CHEMBL1824916	SmoAnta	SmoAnta	O=C(Nc1ccc(-c2cc(-c3ccccc3)ccn2)cc1)c1ccccc1	OADPKHHTSLSWHV-UHFFFAOYSA-N	0.214	0.095
CHEMBL473896	CHEMBL473896	SmoAnta	SmoAnta	O=C(Nc1ccc2c(c1)CC(NCc1ccccc1)C2)c1ccccc1-c1ccccc1	YPJKIPXVFSRPMU-UHFFFAOYSA-N	0.226	0.121
CHEMBL1209314	CHEMBL1209314	SmoAnta	SmoAnta	O=C(c1ccccc1)N1CCN(c2nnc(-n3ccc4ccccc43)c3ccccc23)CC1	BHNNKXHHPFVOGS-UHFFFAOYSA-N	0.221	0.093
CHEMBL1209251	CHEMBL1209251	SmoAnta	SmoAnta	O=C(c1ccccc1)N1CCN(c2nnc(-n3cccc3)c3ccccc23)CC1	RJOHSRYGNBGSCD-UHFFFAOYSA-N	0.233	0.094
CHEMBL474503	CHEMBL474503	SmoAnta	SmoAnta	O=C(Nc1ccc2c(c1)CC(NCc1cccs1)C2)c1ccccc1-c1ccccc1	URDRMYUOWBUDRC-UHFFFAOYSA-N	0.231	0.135
CHEMBL4472296	CHEMBL4472296	SmoAnta	SmoAnta	c1ccc(C2OCC(COc3ccc(N4CCN(c5ccccc5)CC4)cc3)O2)cc1	KUDYPAXKBZLJGT-UHFFFAOYSA-N	0.23	0.102
CHEMBL1813111	CHEMBL1813111	SmoAnta	SmoAnta	O=C(N=c1cc[nH]n1-c1ccccc1)N1CCn2c(cn(C3CC3c3ccccc3)c2=O)C1	PEOXXKCWXWUDFU-UHFFFAOYSA-N	0.232	0.073
CHEMBL2059871	CHEMBL2059871	SmoAnta	SmoAnta	O=C(Nc1cccc(-c2cc[nH]n2)c1)c1ccc(OCc2ccccn2)cc1	YPFGBIAQGOPNJF-UHFFFAOYSA-N	0.173	0.091
CHEMBL1083104	CHEMBL1083104	SmoAnta	SmoAnta	O=C(c1nccs1)N1CCN(c2nnc(-c3ccccc3)c3ccccc23)CC1	NZDDSVZRFYCJOD-UHFFFAOYSA-N	0.242	0.106
CHEMBL3965352	CHEMBL3965352	SmoAnta	SmoAnta	O=C(CC1CCCc2cccnc21)Nc1cccc(-c2nc3ccccc3[nH]2)c1	ZPSNWCJNQWSXAK-UHFFFAOYSA-N	0.214	0.079
CHEMBL519219	CHEMBL519219	SmoAnta	SmoAnta	c1ccc(Cc2nnc(N3CCN(c4ccc(C5CC5)cn4)CC3)c3ccccc23)cc1	LRSUCXCTWSMOMG-UHFFFAOYSA-N	0.226	0.073
CHEMBL2059870	CHEMBL2059870	SmoAnta	SmoAnta	O=C(Nc1cccc(-c2cn[nH]c2)c1)c1ccc(OCc2ccccn2)cc1	RMEPEEJTJIWRAP-UHFFFAOYSA-N	0.173	0.091
CHEMBL1209381	CHEMBL1209381	SmoAnta	SmoAnta	O=C(c1ccccc1)N1CCN(c2nnc(-c3ccccc3)c3cnccc23)CC1	CZMWRNQDAIEEMK-UHFFFAOYSA-N	0.237	0.118
CHEMBL2160076	CHEMBL2160076	SmoAnta	SmoAnta	c1ccc(-c2c[nH]c(-c3cccc(N=c4[nH]ccc5cc(N6CCCCC6)ccc45)c3)n2)cc1	CSIBOUDRJWTSGG-UHFFFAOYSA-N	0.199	0.073
CHEMBL1083103	CHEMBL1083103	SmoAnta	SmoAnta	O=C(c1ccco1)N1CCN(c2nnc(-c3ccccc3)c3ccccc23)CC1	GNAMIGXXUZCPQC-UHFFFAOYSA-N	0.252	0.109
CHEMBL2031277	CHEMBL2031277	SmoAnta	SmoAnta	O=C(NC(=O)c1ccccc1)Nc1cccc(NC(=O)c2ccc(-c3ccccc3)cc2)c1	HNUISFAVMRMURH-UHFFFAOYSA-N	0.199	0.106
CHEMBL1824904	CHEMBL1824904	SmoAnta	SmoAnta	O=C(Nc1ccc(NC(=O)c2ccccc2)cc1)c1ccccc1	ABRHLWPJYNIPHN-UHFFFAOYSA-N	0.222	0.099
CHEMBL1824905	CHEMBL1824905	SmoAnta	SmoAnta	O=C(Nc1ccc(CCc2ccccc2)cc1)c1ccccc1	APSVSRZCXKHQHT-UHFFFAOYSA-N	0.216	0.111
CHEMBL1209380	CHEMBL1209380	SmoAnta	SmoAnta	O=C(c1ccccc1)N1CCN(c2nnc(-c3ccccc3)c3cccnc23)CC1	FMLSVZWKXJHXAW-UHFFFAOYSA-N	0.237	0.127
CHEMBL3818447	CHEMBL3818447	SmoAnta	SmoAnta	O=C(c1cc2c(s1)CCN(c1cccc(-c3nc4ccccc4[nH]3)c1)C2)N1CCOCC1	YQKMQZZSXGJQTQ-UHFFFAOYSA-N	0.217	0.095
CHEMBL3741651	CHEMBL3741651	SmoAnta	SmoAnta	O=C(NC(=O)c1ccc(OCc2ccccc2)cc1)Nc1cccc(-c2nc3ccccc3[nH]2)c1	GQXSKYYWGRSXLA-UHFFFAOYSA-N	0.189	0.065
CHEMBL2057336	CHEMBL2057336	SmoAnta	SmoAnta	N=c1ccc(-c2cccc(NC(=O)c3ccc(OCc4ccccn4)cc3)c2)n[nH]1	KYJMRWKLBITVKT-UHFFFAOYSA-N	0.167	0.088
CHEMBL1813096	CHEMBL1813096	SmoAnta	SmoAnta	O=C(Nc1ccccc1-c1ccccc1)N1CCn2c(cn(C3CC3c3ccccc3)c2=O)C1	YYWYYLJQGVRHLL-UHFFFAOYSA-N	0.254	0.132
CHEMBL2059875	CHEMBL2059875	SmoAnta	SmoAnta	O=C(Nc1cccc(-c2ccccn2)c1)c1ccc(OCc2ccccn2)cc1	CIXHUPQWRLNXQH-UHFFFAOYSA-N	0.187	0.126
CHEMBL1209133	CHEMBL1209133	SmoAnta	SmoAnta	O=C(c1ccccc1)N1CCN(c2nnc(-c3ccc(N4CCOCC4)cc3)c3ccccc23)CC1	LZJBIBVKNWUULK-UHFFFAOYSA-N	0.224	0.109
CHEMBL1084301	CHEMBL1084301	SmoAnta	SmoAnta	O=C(c1cccs1)N1CCN(c2nnc(-c3ccccc3)c3ccccc23)CC1	NZMPJXCOZWTZBJ-UHFFFAOYSA-N	0.242	0.098
CHEMBL1813114	CHEMBL1813114	SmoAnta	SmoAnta	O=C(N=c1cc[nH]n1-c1ccccc1)N1CCn2c(c(O)n(C3CC3c3ccccc3)c2=O)C1	CPKJUVPJCPKBQH-UHFFFAOYSA-N	0.237	0.073
CHEMBL1209248	CHEMBL1209248	SmoAnta	SmoAnta	O=C(c1ccccc1)N1CCN(c2nnc(-c3ccncc3)c3ccccc23)CC1	XJUIFZATAOARSI-UHFFFAOYSA-N	0.237	0.119
CHEMBL1824917	CHEMBL1824917	SmoAnta	SmoAnta	O=C(Nc1ccc(-c2ccnc(-c3ccccc3)n2)cc1)c1ccccc1	KNFWKJGNZKYOPO-UHFFFAOYSA-N	0.214	0.095
CHEMBL1824908	CHEMBL1824908	SmoAnta	SmoAnta	O=C(Nc1ccc(-c2nc(-c3ccccc3)cs2)cc1)c1ccccc1	PBRSSGXJWVYAQI-UHFFFAOYSA-N	0.22	0.084
CHEMBL1824918	CHEMBL1824918	SmoAnta	SmoAnta	O=C(Nc1ccc(-c2cncc(-c3ccccc3)c2)cc1)c1ccccc1	QOFPXQCPDLDDIW-UHFFFAOYSA-N	0.214	0.1
CHEMBL1824909	CHEMBL1824909	SmoAnta	SmoAnta	O=C(Nc1ccc(-c2nc(-c3ccccc3)co2)cc1)c1ccccc1	HGYIYMQQHUAANO-UHFFFAOYSA-N	0.23	0.108
CHEMBL2160073	CHEMBL2160073	SmoAnta	SmoAnta	O=S1(=O)CCN(c2ccc3c(=Nc4cccc(-c5nc(-c6ccccc6)c[nH]5)c4)[nH]ccc3c2)CC1	GBJPNKQQAXETQE-UHFFFAOYSA-N	0.201	0.079
CHEMBL1824919	CHEMBL1824919	SmoAnta	SmoAnta	O=C(Nc1ccc(-c2cccc(-c3ccccc3)n2)cc1)c1ccccc1	CELFLNHBYPHORM-UHFFFAOYSA-N	0.214	0.089
CHEMBL4632598	CHEMBL4632598	SmoAnta	SmoAnta	O=C(NC1CCN(C(=O)c2ccccc2Nc2ccccc2)CC1)c1ccccc1	HMKGUYLSWLUDGV-UHFFFAOYSA-N	0.229	0.109
CHEMBL2160069	CHEMBL2160069	SmoAnta	SmoAnta	c1ccc(-c2c[nH]c(-c3cccc(Nc4cccc5nc(N6CCOCC6)cnc45)c3)n2)cc1	KSYWARGJXRLHBQ-UHFFFAOYSA-N	0.199	0.098
CHEMBL1824920	CHEMBL1824920	SmoAnta	SmoAnta	O=C(Nc1ccc(-c2nccc(-c3ccccc3)n2)cc1)c1ccccc1	HXIRCCVXELMDOZ-UHFFFAOYSA-N	0.214	0.095
CHEMBL1824910	CHEMBL1824910	SmoAnta	SmoAnta	O=C(Nc1ccc(-c2ncc(-c3ccccc3)o2)cc1)c1ccccc1	FDOSGXYQXOCDJN-UHFFFAOYSA-N	0.23	0.106
CHEMBL3604612	CHEMBL3604612	SmoAnta	SmoAnta	N=c1[nH]c2ccc(-c3cncc(NC(=O)c4ccccc4)c3)cc2s1	OKOHXUGFBLPRFF-UHFFFAOYSA-N	0.197	0.085
CHEMBL4444651	CHEMBL4444651	SmoAnta	SmoAnta	O=C(NC1CCCCC1)C1CCN(c2nnc(-n3nccc3COc3ccccn3)s2)CC1	AUQUXYYXPCLZRV-UHFFFAOYSA-N	0.14	0.098
CHEMBL1813108	CHEMBL1813108	SmoAnta	SmoAnta	O=C(Nc1cccnc1-c1ccsc1)N1CCn2c(cn(C3CC3c3ccccc3)c2=O)C1	NNPHUSDEWYPNSB-UHFFFAOYSA-N	0.223	0.095
CHEMBL2059872	CHEMBL2059872	SmoAnta	SmoAnta	O=C(Nc1cccc(-c2ncc(CN3CCOCC3)s2)c1)c1ccc(OCc2ccccn2)cc1	OCCJCTDLLREQKM-UHFFFAOYSA-N	0.188	0.111
CHEMBL2043432	CHEMBL2043432	SmoAnta	SmoAnta	O=C(NC1CCNC(c2nc3ccccc3[nH]2)C1)c1ccc2c(c1)OCCO2	CREWWDIAEBEEDM-UHFFFAOYSA-N	0.248	0.112
CHEMBL2059873	CHEMBL2059873	SmoAnta	SmoAnta	O=C(Nc1cccc(-c2nccs2)c1)c1ccc(OCc2ccccn2)cc1	NDKUKXSMTJQSCM-UHFFFAOYSA-N	0.173	0.1
CHEMBL2043433	CHEMBL2043433	SmoAnta	SmoAnta	O=C(Nc1ccc2c(c1)OCCO2)NC1CCNC(c2nc3ccccc3[nH]2)C1	CAMYDBGBQKZORH-UHFFFAOYSA-N	0.242	0.1
CHEMBL4532846	CHEMBL4532846	SmoAnta	SmoAnta	O=C(NC1CCCCC1)C1CCN(c2nnc(-n3nccc3CNc3ccccc3)s2)CC1	WYBGXDYIJKNYEI-UHFFFAOYSA-N	0.171	0.091
CHEMBL4167751	CHEMBL4167751	SmoAnta	SmoAnta	O=C(NC1CCCCC1)C1CCN(c2nnc(-n3cccc3CNc3ccccc3)s2)CC1	ASVVVNFVBSEAQI-UHFFFAOYSA-N	0.188	0.082
CHEMBL1824921	CHEMBL1824921	SmoAnta	SmoAnta	O=C(Nc1ccc(-c2cc(-c3ccccc3)ncn2)cc1)c1ccccc1	FQPIQBAUAWILQD-UHFFFAOYSA-N	0.214	0.099
CHEMBL1824906	CHEMBL1824906	SmoAnta	SmoAnta	O=C(Nc1ccc(C=Cc2ccccc2)cc1)c1ccccc1	MSAITVLAYZZHQN-UHFFFAOYSA-N	0.216	0.083
CHEMBL4558043	CHEMBL4558043	SmoAnta	SmoAnta	O=C(NC1CCCCC1)C1CCN(c2nnc(-n3nccc3CNc3cccnc3)s2)CC1	SWTPCFRMAZJCAG-UHFFFAOYSA-N	0.125	0.081
CHEMBL3819559	CHEMBL3819559	SmoAnta	SmoAnta	O=C(Nc1cccnc1)c1cc2c(s1)CCN(c1cccc(-c3nc4ccccc4[nH]3)c1)C2	SIPYNTYWRAWETO-UHFFFAOYSA-N	0.196	0.084
CHEMBL4437383	CHEMBL4437383	SmoAnta	SmoAnta	O=C(NC1CCCCC1)C1CCN(c2nnc(-n3nccc3CCc3ccccn3)s2)CC1	RCOCAQYBNPFIEV-UHFFFAOYSA-N	0.14	0.099
CHEMBL142972	CHEMBL142972	SmoAnta	SmoAnta	O=C(Nc1ccc2c(c1)CC(NCc1ccccn1)C2)c1ccccc1-c1ccccc1	VHIQFTOKJVJIJC-UHFFFAOYSA-N	0.226	0.125
CHEMBL1209250	CHEMBL1209250	SmoAnta	SmoAnta	O=C(c1ccccc1)N1CCN(c2nnc(-c3ccccn3)c3ccccc23)CC1	WZKYBCWTFHHIQM-UHFFFAOYSA-N	0.237	0.109
CHEMBL4160906	CHEMBL4160906	SmoAnta	SmoAnta	O=C(NC1CCCCC1)C1CCN(c2nnc(-n3cccc3CN=c3cccc[nH]3)s2)CC1	JLCUHCBEKRIVNN-UHFFFAOYSA-N	0.155	0.078
CHEMBL1813113	CHEMBL1813113	SmoAnta	SmoAnta	O=C(Nc1ccccc1-c1ccccc1)N1CCn2c(c(O)n(C3CC3c3ccccc3)c2=O)C1	VRAGZVBBLPIIJU-UHFFFAOYSA-N	0.25	0.142
CHEMBL2057337	CHEMBL2057337	SmoAnta	SmoAnta	O=C(Nc1cccc(-c2ncnc3[nH]cnc23)c1)c1ccc(OCc2ccccn2)cc1	WRXWNDUSRPSDDL-UHFFFAOYSA-N	0.159	0.099
CHEMBL2031268	CHEMBL2031268	SmoAnta	SmoAnta	O=C(NC(=S)Nc1cccc(NC(=O)c2ccc(-c3ccccc3)cc2)c1)c1ccccc1	HOTIPHNSHQUIEF-UHFFFAOYSA-N	0.199	0.104
CHEMBL1209379	CHEMBL1209379	SmoAnta	SmoAnta	O=C(c1ccccc1)N1CCN(c2nnc(-c3ccccc3)c3ncccc23)CC1	CAOALQLXPZHWRV-UHFFFAOYSA-N	0.237	0.107
CHEMBL1813104	CHEMBL1813104	SmoAnta	SmoAnta	O=C(Nc1ccccc1)N1CCn2c(cn(C3CC3c3ccccc3)c2=O)C1	UQHOWZLMPZYJCI-UHFFFAOYSA-N	0.25	0.084
CHEMBL4282915	CHEMBL4282915	SmoAnta	SmoAnta	c1ccc(CNC2CCN(c3nnc(-c4cc[nH]n4)c4ccccc34)CC2)cc1	CTAFHJOPSISOCJ-UHFFFAOYSA-N	0.231	0.084
CHEMBL2031283	CHEMBL2031283	SmoAnta	SmoAnta	O=C(N=CNc1cccc(-c2cc3ccccc3[nH]2)c1)c1ccccc1	XCVDFMVXSZZCSR-UHFFFAOYSA-N	0.22	0.075
CHEMBL1209249	CHEMBL1209249	SmoAnta	SmoAnta	O=C(c1ccccc1)N1CCN(c2nnc(-c3cccnc3)c3ccccc23)CC1	WTTAZJCUZRGPFL-UHFFFAOYSA-N	0.237	0.105
CHEMBL1824907	CHEMBL1824907	SmoAnta	SmoAnta	O=C(Cc1ccc(NC(=O)c2ccccc2)cc1)c1ccccc1	BQYBLUOGRMXIGB-UHFFFAOYSA-N	0.222	0.094
CHEMBL4447291	CHEMBL4447291	SmoAnta	SmoAnta	O=C(NC1CCCCC1)C1CCN(c2nnc(-n3nccc3CN=c3cccn[nH]3)s2)CC1	UGLISNGYEVUZCE-UHFFFAOYSA-N	0.118	0.08
CHEMBL474302	CHEMBL474302	SmoAnta	SmoAnta	O=C(Nc1ccc2c(c1)CC(Nc1ccccc1)C2)c1ccccc1-c1ccccc1	YTFAWMNAAISKAG-UHFFFAOYSA-N	0.231	0.129
CHEMBL3262641	CHEMBL3262641	SmoAnta	SmoAnta	O=C(Nc1ccccc1)c1cn2c(n1)CN(c1cc(-c3ccccn3)ccn1)CC2	FVRSFVNHXDLDHT-UHFFFAOYSA-N	0.218	0.124
CHEMBL2043431	CHEMBL2043431	SmoAnta	SmoAnta	O=C(NC1CCCC(c2nc3ccccc3[nH]2)C1)c1ccc2c(c1)OCCO2	BLFYHCYJCRNVIH-UHFFFAOYSA-N	0.248	0.104
CHEMBL4450586	CHEMBL4450586	SmoAnta	SmoAnta	O=C(Nc1ccc(N2CCN(c3ccc(OCC4COC(c5ccccc5)O4)cc3)CC2)cc1)c1ccccc1	GQECCUFWSKZGRL-UHFFFAOYSA-N	0.215	0.105
CHEMBL1824913	CHEMBL1824913	SmoAnta	SmoAnta	O=C(Nc1ccc(-c2nnc(-c3ccccc3)o2)cc1)c1ccccc1	XFEQHDIYXRJRHG-UHFFFAOYSA-N	0.23	0.115
CHEMBL1082790	CHEMBL1082790	SmoAnta	SmoAnta	c1ccc(-c2nnc(N3CCNCC3)c3ccccc23)cc1	GCMUHGJHZLTCPV-UHFFFAOYSA-N	0.264	0.102
CHEMBL4441914	CHEMBL4441914	SmoAnta	SmoAnta	O=c1n(CCc2ccccc2)ccn1-c1ccccc1	VQZOVHFIQVMNGJ-UHFFFAOYSA-N	0.234	0.082
CHEMBL3818034	CHEMBL3818034	SmoAnta	SmoAnta	O=C(c1cc2c(s1)CCN(c1cccc(-c3nc4ccccc4[nH]3)c1)C2)N1CCN(c2ncccn2)CC1	WNQIRPLIAHEYBE-UHFFFAOYSA-N	0.192	0.09
CHEMBL1824922	CHEMBL1824922	SmoAnta	SmoAnta	O=C(Nc1ccc(-c2ccnc(-c3ccccc3)c2)cc1)c1ccccc1	KKTZBTCTQMWVJG-UHFFFAOYSA-N	0.214	0.095
CHEMBL1824914	CHEMBL1824914	SmoAnta	SmoAnta	O=C(Nc1ccc(-c2coc(-c3ccccc3)n2)cc1)c1ccccc1	KJOUIJWLAQBHHY-UHFFFAOYSA-N	0.23	0.108
CHEMBL3909078	CHEMBL3909078	SmoAnta	SmoAnta	c1ccc(Cc2ccc(C3CCN(c4cnccn4)CC3)nn2)cc1	GRSDLMOVQSMTPW-UHFFFAOYSA-N	0.203	0.089
CHEMBL3966631	CHEMBL3966631	SmoAnta	SmoAnta	c1ccc(Cc2ccc(N3CCN(c4cnccn4)CC3)nn2)cc1	UMCMGSSLMZEPPZ-UHFFFAOYSA-N	0.203	0.13
CHEMBL3903125	CHEMBL3903125	SmoAnta	SmoAnta	c1ccc(Cc2ccc(N3CCN(c4ncccn4)CC3)nn2)cc1	HTJKQXWIGHCSDU-UHFFFAOYSA-N	0.213	0.121
CHEMBL3944996	CHEMBL3944996	SmoAnta	SmoAnta	c1ccc(Cc2nnc(N3CCN(c4ccccn4)CC3)c3c2CCC3)cc1	LFSIQFHTNLTVDH-UHFFFAOYSA-N	0.227	0.077
CHEMBL3983372	CHEMBL3983372	SmoAnta	SmoAnta	c1ccc(Cc2ccc(N3CCN(c4ccccn4)CC3)nn2)cc1	NGEHPYPPGUWRIM-UHFFFAOYSA-N	0.223	0.122
CHEMBL3974732	CHEMBL3974732	SmoAnta	SmoAnta	c1ccc(-c2ccc(N3CCN(c4ncccn4)CC3)nn2)cc1	HWUYVYQPKGGXSJ-UHFFFAOYSA-N	0.218	0.102
CHEMBL3939322	CHEMBL3939322	SmoAnta	SmoAnta	O=C(c1cnc(N2CCN(c3ccc(-c4ccccc4)nn3)CC2)cn1)N1CCC2(CC1)OCCO2	WSQRAXLYHMPPRP-UHFFFAOYSA-N	0.224	0.128
CHEMBL3927351	CHEMBL3927351	SmoAnta	SmoAnta	c1ccc(-c2ccc(N3CCN(c4ccccn4)CC3)nn2)cc1	WYUDYJFKARTDOY-UHFFFAOYSA-N	0.229	0.103
CHEMBL3922084	CHEMBL3922084	SmoAnta	SmoAnta	c1cc(-c2ccc(N3CCN(c4cnccn4)CC3)nn2)ccn1	LPEHSJINEIPBFH-UHFFFAOYSA-N	0.16	0.114
CHEMBL3902706	CHEMBL3902706	SmoAnta	SmoAnta	c1ccc(Cc2nnc(N3CCN(c4ncccn4)CC3)c3c2CCC3)cc1	LZTARVHKAHMAEE-UHFFFAOYSA-N	0.208	0.079
CHEMBL3986419	CHEMBL3986419	SmoAnta	SmoAnta	c1ccc(N=c2ccc(N3CCN(c4cnccn4)CC3)n[nH]2)cc1	JZGMJUSXCJIHGD-UHFFFAOYSA-N	0.203	0.082
CHEMBL3930632	CHEMBL3930632	SmoAnta	SmoAnta	c1ccc(Cc2nnc(N3CCN(c4ccccc4)CC3)c3c2CCCC3)cc1	LYFJKPJCNMILMJ-UHFFFAOYSA-N	0.24	0.081
CHEMBL3959845	CHEMBL3959845	SmoAnta	SmoAnta	c1ccc(N2CCN(c3ccc(-c4cccnc4)nn3)CC2)nc1	NQUFMUVYVAIFLR-UHFFFAOYSA-N	0.198	0.109
CHEMBL3944267	CHEMBL3944267	SmoAnta	SmoAnta	c1ccc(Cc2ccc(N3CCN(c4cnccn4)CC3)nn2)nc1	BYCYWRISUOGCKP-UHFFFAOYSA-N	0.175	0.117
CHEMBL3948829	CHEMBL3948829	SmoAnta	SmoAnta	c1ccc(Cc2ccc(N3CCN(c4ccccc4)CC3)nn2)cc1	KELMEHHGCOCGTK-UHFFFAOYSA-N	0.233	0.126
CHEMBL3980924	CHEMBL3980924	SmoAnta	SmoAnta	c1ccc(Cc2nnc(N3CCN(c4ccccn4)CC3)c3c2CCCC3)cc1	VBUXTXGIDHIPJF-UHFFFAOYSA-N	0.221	0.077
CHEMBL3894764	CHEMBL3894764	SmoAnta	SmoAnta	O=C(Oc1ccccc1)N1CCN(c2ccc(Cc3ccccc3)nn2)CC1	YERFMCLSOIFAHV-UHFFFAOYSA-N	0.228	0.137
CHEMBL3979837	CHEMBL3979837	SmoAnta	SmoAnta	O=C(NCc1ccccc1)N1CCN(c2ccc(Cc3ccccc3)nn2)CC1	WFKMEGQFSJUHKQ-UHFFFAOYSA-N	0.223	0.124
CHEMBL3970317	CHEMBL3970317	SmoAnta	SmoAnta	c1ccc(-c2ccc(N3CCN(c4cnccn4)CC3)nn2)cc1	QNHNMCVDAIJDAA-UHFFFAOYSA-N	0.208	0.112
CHEMBL3978301	CHEMBL3978301	SmoAnta	SmoAnta	O=C(c1cnc(N2CCN(c3ccc(-c4ccccc4)nn3)CC2)cn1)N1CCNCC1	IVLVNYHFLQKEFV-UHFFFAOYSA-N	0.2	0.107
CHEMBL3965479	CHEMBL3965479	SmoAnta	SmoAnta	O=C1CN(C(=O)c2cnc(N3CCN(c4ccc(Cc5ccccc5)nn4)CC3)cn2)CCN1	KVPXYAZXNRTRSH-UHFFFAOYSA-N	0.218	0.136
CHEMBL3942022	CHEMBL3942022	SmoAnta	SmoAnta	O=C(c1cnc(N2CCN(c3ccc(-c4ccccc4)nn3)CC2)cn1)N1CCOCC1	IPKQDMKAEIMVSJ-UHFFFAOYSA-N	0.209	0.106
CHEMBL3957247	CHEMBL3957247	SmoAnta	SmoAnta	O=C(c1cnc(N2CCN(c3ccc(Cc4ccccc4)nn3)CC2)cn1)N1CCNCC1	HHDYARRUWDFHRA-UHFFFAOYSA-N	0.196	0.123
CHEMBL3969486	CHEMBL3969486	SmoAnta	SmoAnta	c1ccc(Oc2ccc(N3CCN(c4cnccn4)CC3)nn2)cc1	QDGHIMSMUXBYQD-UHFFFAOYSA-N	0.203	0.097
CHEMBL3930063	CHEMBL3930063	SmoAnta	SmoAnta	c1ccc(N2CCN(c3ccc(-c4ccncc4)nn3)CC2)nc1	TVHZZFPIHGITJU-UHFFFAOYSA-N	0.189	0.126
CHEMBL3961874	CHEMBL3961874	SmoAnta	SmoAnta	c1ccc(Cc2ccc(N3CCC(c4ccccc4)CC3)nn2)cc1	COJYMZYJXURYRF-UHFFFAOYSA-N	0.233	0.109
CHEMBL3982279	CHEMBL3982279	SmoAnta	SmoAnta	O=C(Nc1ccccc1)N1CCN(c2ccc(Cc3ccccc3)nn2)CC1	ZAMNOZIZQPBLDO-UHFFFAOYSA-N	0.228	0.124
CHEMBL3965793	CHEMBL3965793	SmoAnta	SmoAnta	c1cc(Cc2ccc(N3CCN(c4cnccn4)CC3)nn2)ccn1	DJYAIMMMBOZFDB-UHFFFAOYSA-N	0.156	0.108
CHEMBL3959946	CHEMBL3959946	SmoAnta	SmoAnta	c1ccc(Cc2nnc(N3CCN(c4cnccn4)CC3)c3c2CCC3)cc1	NDRMZIWYEWDXSJ-UHFFFAOYSA-N	0.198	0.084
CHEMBL3986550	CHEMBL3986550	SmoAnta	SmoAnta	O=C(c1cnc(N2CCN(c3ccc(Cc4ccccc4)nn3)CC2)cn1)N1CCOCC1	IQRKRQWXQCIRTO-UHFFFAOYSA-N	0.204	0.121
CHEMBL3972256	CHEMBL3972256	SmoAnta	SmoAnta	O=C(Nc1ccccc1)c1cnc(N2CCN(c3ccc(-c4ccccc4)nn3)CC2)cn1	GQMQDCHMRNIYEO-UHFFFAOYSA-N	0.221	0.107
CHEMBL3889599	CHEMBL3889599	SmoAnta	SmoAnta	O=C(NCCc1ccccc1)c1cnc(N2CCN(c3ccc(-c4ccccc4)nn3)CC2)cn1	VOWHYWGCLDGHMA-UHFFFAOYSA-N	0.212	0.102
CHEMBL3893223	CHEMBL3893223	SmoAnta	SmoAnta	c1cncc(Cc2ccc(N3CCN(c4cnccn4)CC3)nn2)c1	RVRYFVUTONCIFG-UHFFFAOYSA-N	0.156	0.105
CHEMBL3939157	CHEMBL3939157	SmoAnta	SmoAnta	O=C(c1cnc(N2CCN(c3ccc(Cc4ccccc4)nn3)CC2)cn1)N1CCCCC1	VYLVNYWXKMASIC-UHFFFAOYSA-N	0.196	0.112
CHEMBL3912445	CHEMBL3912445	SmoAnta	SmoAnta	O=C(NC1CC1)c1cnc(N2CCN(c3ccc(Cc4ccccc4)nn3)CC2)cn1	BPEMOGOXAMHQKF-UHFFFAOYSA-N	0.206	0.135
CHEMBL3909290	CHEMBL3909290	SmoAnta	SmoAnta	O=C(Nc1ccccc1)c1cnc(N2CCN(c3ccc(=Nc4ccccc4)[nH]n3)CC2)cn1	OLUFZQWEUSTCML-UHFFFAOYSA-N	0.217	0.083
CHEMBL3903694	CHEMBL3903694	SmoAnta	SmoAnta	O=C(c1ccccc1)c1ccc(N2CCN(c3cnccn3)CC2)nn1	LFAACDSGVPOFBC-UHFFFAOYSA-N	0.21	0.117
CHEMBL3949191	CHEMBL3949191	SmoAnta	SmoAnta	c1ccc(Cc2ccc(N3CCC(c4ccccn4)CC3)nn2)cc1	DLRPNVMTXDGHCD-UHFFFAOYSA-N	0.223	0.116
CHEMBL3889851	CHEMBL3889851	SmoAnta	SmoAnta	c1ccc(Cc2ccc(N3CCC(c4ncc[nH]4)CC3)nn2)cc1	FQFAXRRQWBSIDV-UHFFFAOYSA-N	0.208	0.101
CHEMBL3958040	CHEMBL3958040	SmoAnta	SmoAnta	c1ccc(Cc2ccc(C3CCN(c4ccccn4)CC3)nn2)cc1	ZAPUAOPEEKVPJA-UHFFFAOYSA-N	0.223	0.08
CHEMBL3604621	CHEMBL3604621	SmoAnta	SmoAnta	N=c1[nH]c2ccc(-c3cncc(NCc4ccccc4)c3)cc2s1	IMZXQIGUVYPCNQ-UHFFFAOYSA-N	0.19	0.077
CHEMBL3905798	CHEMBL3905798	SmoAnta	SmoAnta	O=C(NCCN1CCCC1)c1cnc(N2CCN(c3ccc(Cc4ccccc4)nn3)CC2)cn1	YCFZXAWRIBNEKQ-UHFFFAOYSA-N	0.188	0.114
CHEMBL3915100	CHEMBL3915100	SmoAnta	SmoAnta	O=C(NC1CCCCC1)c1cnc(N2CCN(c3ccc(Cc4ccccc4)nn3)CC2)cn1	ADXVTRIQJUHSAN-UHFFFAOYSA-N	0.192	0.127
CHEMBL3967151	CHEMBL3967151	SmoAnta	SmoAnta	c1ccc(N2CCN(c3ccc(Cc4nnco4)nn3)CC2)nc1	UNFQKYNJKPFDII-UHFFFAOYSA-N	0.179	0.117
CHEMBL3986486	CHEMBL3986486	SmoAnta	SmoAnta	O=C(NCCN1CCOCC1)c1cnc(N2CCN(c3ccc(Cc4ccccc4)nn3)CC2)cn1	WCNSIHOQFOXTTL-UHFFFAOYSA-N	0.192	0.121
CHEMBL3967092	CHEMBL3967092	SmoAnta	SmoAnta	O=C(NCCc1ccccn1)c1cnc(N2CCN(c3ccc(Cc4ccccc4)nn3)CC2)cn1	ASKWYKZADBEFSI-UHFFFAOYSA-N	0.2	0.124
CHEMBL2031273	CHEMBL2031273	SmoAnta	SmoAnta	O=C(NC(=O)c1ccccc1)Nc1cccc(NC(=O)c2ccccc2)c1	XCKRUMUKPMMDKC-UHFFFAOYSA-N	0.208	0.081
CHEMBL1580265	CHEMBL1580265	SmoAnta	SmoAnta	O=C(Nc1ccc(-c2csc(-c3ccccc3)n2)cc1)c1ccccc1	XPUBUHIUUWTNML-UHFFFAOYSA-N	0.22	0.095
CHEMBL2031291	CHEMBL2031291	SmoAnta	SmoAnta	O=C(N=CNc1cccc(NC(=O)c2cccc(-c3ccccc3)c2)c1)c1ccccc1	UWUUBHLXLXZOAM-UHFFFAOYSA-N	0.201	0.087
CHEMBL1615189	CHEMBL1615189	SmoAnta	SmoAnta	N=c1[nH]c2ccc(-c3cncc(NS(=O)(=O)c4ccccc4)c3)cc2s1	JLKSITHSDRZGDS-UHFFFAOYSA-N	0.203	0.094
CHEMBL474508	CHEMBL474508	SmoAnta	SmoAnta	O=C(Nc1ccc2c(c1)CC(NCc1cncs1)C2)c1ccccc1-c1ccccc1	HTVZHDOYSWSRQG-UHFFFAOYSA-N	0.231	0.123
CHEMBL4644288	CHEMBL4644288	SmoAnta	SmoAnta	O=C(NC1CCN(C(=O)c2ccccc2N=c2cc[nH][nH]2)CC1)c1ccccc1	AWASJKJUNGADBI-UHFFFAOYSA-N	0.234	0.093
CHEMBL550190	CHEMBL550190	SmoAnta	SmoAnta	c1cncc(-n2ncc3ccccc32)c1	UDGCKNPUEWPXIW-UHFFFAOYSA-N	0.192	0.071
CHEMBL3819191	CHEMBL3819191	SmoAnta	SmoAnta	O=C(c1cc2c(s1)CCN(c1cccc(-c3nc4ccccc4[nH]3)c1)C2)N1CCNCC1	IUXKDNYNUIZGIW-UHFFFAOYSA-N	0.209	0.096
CHEMBL4588930	CHEMBL4588930	SmoAnta	SmoAnta	O=C(Nc1ccccc1)C1CCN(c2nnc(-n3nccc3CN=c3cccc[nH]3)s2)CC1	FEFZWBBUFXOKDK-UHFFFAOYSA-N	0.204	0.071
CHEMBL4562342	CHEMBL4562342	SmoAnta	SmoAnta	O=c1[nH]ncn1-c1ccc(N2CCN(c3ccc(OCC4COC(c5ccccc5)O4)cc3)CC2)cc1	NJYANWCPHOJSQJ-UHFFFAOYSA-N	0.212	0.109
CHEMBL480889	CHEMBL480889	SmoAnta	SmoAnta	O=C(C1CC(NCc2ccccc2)CN1Cc1ccc2c(c1)OCO2)N1CCNCC1	GKVFNTHQBHGUPB-UHFFFAOYSA-N	0.231	0.109
CHEMBL3604624	CHEMBL3604624	SmoAnta	SmoAnta	O=C(Nc1cncc(-c2ccc3[nH]c(=NCC4CC4)sc3c2)c1)c1ccccc1	GENWZWOWCGKAQZ-UHFFFAOYSA-N	0.197	0.076
CHEMBL3604623	CHEMBL3604623	SmoAnta	SmoAnta	O=C(Nc1cncc(-c2ccc3[nH]c(=NC4CC4)sc3c2)c1)c1ccccc1	LJRTWURBCQRSLN-UHFFFAOYSA-N	0.202	0.078
CHEMBL557114	CHEMBL557114	SmoAnta	SmoAnta	c1cc2c(c(-n3ncc4ccccc43)c1)CCCC2	VTEYBNMALQJUMP-UHFFFAOYSA-N	0.25	0.084
CHEMBL495620	CHEMBL495620	SmoAnta	SmoAnta	c1ccc(Cc2nnc(N3CCCN(c4ccccn4)CC3)c3ccccc23)cc1	NUBCJQDZJYXXJV-UHFFFAOYSA-N	0.235	0.075
CHEMBL3986017	CHEMBL3986017	SmoAnta	SmoAnta	O=C(CC1CCCc2ccc(CN3CCOCC3)nc21)Nc1cccc(-c2ccccn2)c1	QDEQWTHHPSWNJK-UHFFFAOYSA-N	0.204	0.092
CHEMBL2160075	CHEMBL2160075	SmoAnta	SmoAnta	c1ccc(-c2c[nH]c(-c3cccc(N=c4[nH]ccc5ccccc45)c3)n2)cc1	OUUXHAUWDVGRKH-UHFFFAOYSA-N	0.198	0.063
CHEMBL2031295	CHEMBL2031295	SmoAnta	SmoAnta	O=C(N=CNc1cccc(C(=O)Nc2ccccc2)c1)c1ccccc1	SUZYHOXLIXWLOZ-UHFFFAOYSA-N	0.211	0.073
CHEMBL3951963	CHEMBL3951963	SmoAnta	SmoAnta	O=C(Nc1cccc(-c2ccccn2)c1)C1OC2OC3CCC4CCCC1C42OO3	KDUYOFWPPQTQQI-UHFFFAOYSA-N	0.2	0.108
CHEMBL4473275	CHEMBL4473275	SmoAnta	SmoAnta	O=C(NC1CCCCC1)C1CCN(c2nnc(-n3nccc3CN=c3nccc[nH]3)s2)CC1	RBAAQQXVECDTPO-UHFFFAOYSA-N	0.11	0.079
CHEMBL3933195	CHEMBL3933195	SmoAnta	SmoAnta	O=C(CC1CC2CCCC3CCC4OC(O1)C32O4)Nc1cccc(-c2ccccn2)c1	VUQHIWXQLWYMIE-UHFFFAOYSA-N	0.196	0.105
CHEMBL4472335	CHEMBL4472335	SmoAnta	SmoAnta	O=C(Nc1ccc(N2CCN(c3ccc(OCC4COC(c5ccccc5)O4)cc3)CC2)cc1)c1cccnc1	IULQPNQOVNVCJB-UHFFFAOYSA-N	0.2	0.098
CHEMBL473897	CHEMBL473897	SmoAnta	SmoAnta	O=C(Nc1ccc2c(c1)CC(NCc1ccncc1)C2)c1ccccc1-c1ccccc1	PZBGTCCTWHWVGM-UHFFFAOYSA-N	0.226	0.126
CHEMBL2043439	CHEMBL2043439	SmoAnta	SmoAnta	O=C(Nc1cccnc1)NC1CCNC(c2nc3ccccc3[nH]2)C1	FXDMJQDEITZACR-UHFFFAOYSA-N	0.195	0.08
CHEMBL3819380	CHEMBL3819380	SmoAnta	SmoAnta	O=C(c1cc2c(s1)CCN(c1cccc(-c3nc4ccccc4[nH]3)c1)C2)N1CCCCC1	OYTQTVNGFGNZNY-UHFFFAOYSA-N	0.209	0.089
CHEMBL3262645	CHEMBL3262645	SmoAnta	SmoAnta	O=C(Nc1cccnc1)c1cn2c(n1)CN(c1cc(-c3ccccn3)ccn1)CC2	CNFVJZISCQOPQH-UHFFFAOYSA-N	0.182	0.12
CHEMBL3967752	CHEMBL3967752	SmoAnta	SmoAnta	O=C(CC1CCCc2cccnc21)Nc1cccc(-c2ccccn2)c1	FYNUWMZVEMFKFD-UHFFFAOYSA-N	0.21	0.089
CHEMBL3817897	CHEMBL3817897	SmoAnta	SmoAnta	O=C(c1cc2c(s1)CCN(c1cccc(-c3nc4ccccc4[nH]3)c1)C2)N1CCN(c2ccccc2)CC1	FVIBFCRKKKTMCV-UHFFFAOYSA-N	0.208	0.093
CHEMBL3968327	CHEMBL3968327	SmoAnta	SmoAnta	O=C(CC1CCCc2cccnc21)Nc1cccc(-c2nc(C3CC3)no2)c1	JROQZPWDSQPQNU-UHFFFAOYSA-N	0.192	0.081
CHEMBL4525451	CHEMBL4525451	SmoAnta	SmoAnta	O=C(N=c1cc[nH]cc1)C1CCN(c2nnc(-n3nccc3CN=c3cccc[nH]3)s2)CC1	MMVLGJILJUUIIR-UHFFFAOYSA-N	0.171	0.079
CHEMBL2031284	CHEMBL2031284	SmoAnta	SmoAnta	O=C(N=CNc1cccc(NC(=O)c2ccc(N3CCOCC3)cc2)c1)c1ccccc1	RUCYKLOPZNHOKH-UHFFFAOYSA-N	0.219	0.1
CHEMBL4168846	CHEMBL4168846	SmoAnta	SmoAnta	O=C(NC1CCCCC1)C1CCN(c2nnc(-n3cccc3CNc3cccnc3)s2)CC1	VCRJDNJESBHDIK-UHFFFAOYSA-N	0.14	0.071
CHEMBL3924243	CHEMBL3924243	SmoAnta	SmoAnta	O=C(CC1CC2CCCC3CCC4OOC32C(O1)O4)Nc1cccc(-c2ccccn2)c1	PWIZXVZWIGBFBM-UHFFFAOYSA-N	0.191	0.094
CHEMBL3980443	CHEMBL3980443	SmoAnta	SmoAnta	O=C(CC1CCCc2cccnc21)Nc1cccc(-c2nc3ccccc3o2)c1	GPWRZMJJZYFZDB-UHFFFAOYSA-N	0.223	0.09
CHEMBL3941556	CHEMBL3941556	SmoAnta	SmoAnta	O=C(CC1CCCc2cccnc21)Nc1cccc(-c2nnc(-c3cc[nH]n3)s2)c1	JIBIPNZOWFSMBJ-UHFFFAOYSA-N	0.174	0.079
CHEMBL3949509	CHEMBL3949509	SmoAnta	SmoAnta	O=C(Nc1cccc(-c2ccccn2)c1)c1ccc2ccccc2n1	CAZSNPLHONKJPY-UHFFFAOYSA-N	0.215	0.119
CHEMBL3262647	CHEMBL3262647	SmoAnta	SmoAnta	O=C(OCC1CC1)c1cn2c(n1)CN(c1cc(-c3ccccn3)ccn1)CC2	NUKSEONDJBPWBO-UHFFFAOYSA-N	0.183	0.133
CHEMBL3262644	CHEMBL3262644	SmoAnta	SmoAnta	O=C(N=c1cccc[nH]1)c1cn2c(n1)CN(c1cc(-c3ccccn3)ccn1)CC2	IZIBLWBDMOEUCP-UHFFFAOYSA-N	0.2	0.121
CHEMBL3262632	CHEMBL3262632	SmoAnta	SmoAnta	O=C(c1cn2c(n1)CN(c1cc(-c3ccccn3)ccn1)CC2)N1CCCC1	GPRIUTFOMGXKML-UHFFFAOYSA-N	0.182	0.13
CHEMBL4527095	CHEMBL4527095	SmoAnta	SmoAnta	O=C(N=c1cccc[nH]1)C1CCN(c2nnc(-n3nccc3CN=c3cccc[nH]3)s2)CC1	SRZWBJOIKPGHOY-UHFFFAOYSA-N	0.188	0.083
CHEMBL3932585	CHEMBL3932585	SmoAnta	SmoAnta	O=C(CC1CCCc2cccnc21)Nc1cccc(-c2nc3ccccc3s2)c1	DDYBYDCRBSHGJF-UHFFFAOYSA-N	0.214	0.079
CHEMBL3971787	CHEMBL3971787	SmoAnta	SmoAnta	O=C1CCC2CCCC(CC(=O)Nc3cccc(-c4ccccn4)c3)C2C1	PHEBMHSQLVWAFX-UHFFFAOYSA-N	0.216	0.107
CHEMBL4518172	CHEMBL4518172	SmoAnta	SmoAnta	O=C(NC1CCCCC1)C1CCN(c2nnc(-c3ccccc3CN=c3cccc[nH]3)s2)CC1	SKTRMZWNWSZIGD-UHFFFAOYSA-N	0.217	0.094
CHEMBL2031282	CHEMBL2031282	SmoAnta	SmoAnta	O=C(N=CNc1cccc(NC(=O)c2ccccc2)c1)c1ccccc1	KPHHIEYRXZSVCC-UHFFFAOYSA-N	0.211	0.085
CHEMBL2031084	CHEMBL2031084	SmoAnta	SmoAnta	O=C(NC(=S)Nc1cccc(NC(=O)c2ccccc2)c1)c1ccccc1	SBWYCCPRPRTGAA-UHFFFAOYSA-N	0.208	0.079
CHEMBL3126692	CHEMBL3126692	SmoAnta	SmoAnta	O=C(Nc1ccccc1)Nc1cccc(NC(=O)c2ccccc2)c1	JNPMMVXVDFOMJD-UHFFFAOYSA-N	0.217	0.081
CHEMBL3818511	CHEMBL3818511	SmoAnta	SmoAnta	O=C(c1cc2c(s1)CCN(c1cccc(-c3nc4ccccc4[nH]3)c1)C2)N1CCCC1	DJVGBGUNZSCPJJ-UHFFFAOYSA-N	0.213	0.089
CHEMBL3890559	CHEMBL3890559	SmoAnta	SmoAnta	O=C(CC1CCCC2Cc3cnn(-c4ccccc4)c3CC12)Nc1cccc(-c2ccccn2)c1	RUNLCJZAMZZZKS-UHFFFAOYSA-N	0.212	0.1
CHEMBL454984	CHEMBL454984	SmoAnta	SmoAnta	O=C(Nc1ccc2c(c1)CC(NCc1cnc3ccccc3c1)C2)c1ccccc1-c1ccccc1	YNOWMUQSXUHZHP-UHFFFAOYSA-N	0.208	0.132
CHEMBL3262646	CHEMBL3262646	SmoAnta	SmoAnta	c1ccc(-c2ccnc(N3CCn4ccnc4C3)c2)nc1	WKQQONRGNRTTME-UHFFFAOYSA-N	0.172	0.147
CHEMBL4553897	CHEMBL4553897	SmoAnta	SmoAnta	O=c1n(CC2CCCCC2)ccn1-c1ccccc1	ASDXARKWTVPBHI-UHFFFAOYSA-N	0.217	0.103
CHEMBL2059876	CHEMBL2059876	SmoAnta	SmoAnta	O=C(Nc1cccc(-c2ccncc2)c1)c1ccc(OCc2ccccn2)cc1	CIAJLXKOBWXJRJ-UHFFFAOYSA-N	0.169	0.107
CHEMBL4513409	CHEMBL4513409	SmoAnta	SmoAnta	O=C(NC1CCCCC1)C1CCN(c2nnc(-n3nccc3CN=c3cncc[nH]3)s2)CC1	WBBLAWGBACCFDJ-UHFFFAOYSA-N	0.103	0.077
CHEMBL496013	CHEMBL496013	SmoAnta	SmoAnta	c1ccc(Cc2nnc(N3CCN(c4ccccc4)CC3)c3ccccc23)cc1	PMNLMFUHSIYHHB-UHFFFAOYSA-N	0.231	0.083
CHEMBL184712	CHEMBL184712	SmoAnta	SmoAnta	O=C(Nc1cccc(NC(=O)c2cccc(N3CCCC3)c2)c1)c1ccc(OCc2ccccn2)cc1	PAYYGDCLXOTTDJ-UHFFFAOYSA-N	0.19	0.096
CHEMBL2059874	CHEMBL2059874	SmoAnta	SmoAnta	O=C(Nc1cccc(-c2cccnc2)c1)c1ccc(OCc2ccccn2)cc1	ZKIFKKFKBHUJKI-UHFFFAOYSA-N	0.178	0.091
CHEMBL184721	CHEMBL184721	SmoAnta	SmoAnta	O=C(Nc1cccc(NC(=O)c2cccc(N3CCOCC3)c2)c1)c1ccc(OCc2ccccn2)cc1	NAKCGQMGEOXWSI-UHFFFAOYSA-N	0.194	0.103
CHEMBL4452315	CHEMBL4452315	SmoAnta	SmoAnta	O=C(Nc1cccnc1)C1CCN(c2nnc(-n3nccc3CN=c3cccc[nH]3)s2)CC1	RUSMICMKARRNJJ-UHFFFAOYSA-N	0.171	0.069
CHEMBL3977846	CHEMBL3977846	SmoAnta	SmoAnta	O=C(CC1CCCC2Cc3c([nH]c4ccccc34)CC12)Nc1cccc(-c2ccccn2)c1	ODQMRPSZQPJLEW-UHFFFAOYSA-N	0.221	0.094
CHEMBL3262630	CHEMBL3262630	SmoAnta	SmoAnta	O=C(NCC1CC1)c1cn2c(n1)CN(c1cc(-c3ccccn3)ccn1)CC2	BOBUOJQMHKDDMX-UHFFFAOYSA-N	0.183	0.122
CHEMBL4163487	CHEMBL4163487	SmoAnta	SmoAnta	O=C(NC1CCCC1)C1CCN(c2nnc(-n3cccc3CNc3ccccc3)s2)CC1	SPJZZQCXFILFQF-UHFFFAOYSA-N	0.191	0.083
CHEMBL4539606	CHEMBL4539606	SmoAnta	SmoAnta	O=c1n(-c2ccccc2)ccn1-c1ccccc1	JUQHZCASOZCEST-UHFFFAOYSA-N	0.248	0.103
CHEMBL3976847	CHEMBL3976847	SmoAnta	SmoAnta	O=C(CC1CCCc2cccnc21)Nc1cccc(-c2nnc(-c3cc[nH]n3)o2)c1	VKVHJEAJPXVVQX-UHFFFAOYSA-N	0.182	0.07
CHEMBL2152380	CHEMBL2152380	SmoAnta	SmoAnta	O=C(CC1CCCCCC(=O)NC(c2ccccc2)COC1=O)N=Cc1ccccc1	JAPCJFAGUORPPH-UHFFFAOYSA-N	0.264	0.088
CHEMBL2031285	CHEMBL2031285	SmoAnta	SmoAnta	O=C(N=CNc1cccc(NC(=O)c2cn3ccsc3n2)c1)c1ccccc1	JZCNRVMGKNYGJW-UHFFFAOYSA-N	0.192	0.07
CHEMBL3262648	CHEMBL3262648	SmoAnta	SmoAnta	O=C(OC1CCCC1)c1cn2c(n1)CN(c1cc(-c3ccccn3)ccn1)CC2	OEMSIUSHTPKFTQ-UHFFFAOYSA-N	0.178	0.123
CHEMBL3262633	CHEMBL3262633	SmoAnta	SmoAnta	O=C(c1cn2c(n1)CN(c1cc(-c3ccccn3)ccn1)CC2)N1CCOCC1	KHFLHAFJIWNFNY-UHFFFAOYSA-N	0.187	0.136
CHEMBL4063037	CHEMBL4063037	SmoAnta	SmoAnta	O=C(c1ccccc1)c1c(-c2ccccc2)[nH]c2ccccc2c1=O	QFMUIXAYIIZLRC-UHFFFAOYSA-N	0.248	0.141
CHEMBL2031286	CHEMBL2031286	SmoAnta	SmoAnta	O=C(N=CNc1cccc(-n2ccc3ccccc32)c1)c1ccccc1	USRRCQYEVZNKIK-UHFFFAOYSA-N	0.21	0.064
CHEMBL3262651	CHEMBL3262651	SmoAnta	SmoAnta	c1ccc(-c2ccnc(N3CCn4cc(CN5CCOCC5)nc4C3)c2)nc1	OPQYMVHVGRFXLG-UHFFFAOYSA-N	0.18	0.126
CHEMBL4171049	CHEMBL4171049	SmoAnta	SmoAnta	O=C(NC1CCCc2ccccc21)C1CCN(Cc2coc(-c3ccccc3)n2)CC1	YWQFRRBPZRBQNA-UHFFFAOYSA-N	0.241	0.092
CHEMBL3262649	CHEMBL3262649	SmoAnta	SmoAnta	O=C(Oc1ccccc1)c1cn2c(n1)CN(c1cc(-c3ccccn3)ccn1)CC2	GSUPRVVEGRVIRN-UHFFFAOYSA-N	0.218	0.125
CHEMBL3948161	CHEMBL3948161	SmoAnta	SmoAnta	O=C(CC1CCCc2cccnc21)Nc1cccc(-c2ccc(N3CCOCC3)cn2)c1	RVWRZXPBLICACI-UHFFFAOYSA-N	0.191	0.069
CHEMBL3906154	CHEMBL3906154	SmoAnta	SmoAnta	O=C(CC1CCCc2cccnc21)Nc1cccc(-c2ncon2)c1	SSXSYMAXFMFEJM-UHFFFAOYSA-N	0.185	0.077
CHEMBL3915704	CHEMBL3915704	SmoAnta	SmoAnta	c1ccc(Cc2ccc(N3CCN(Cc4ccccc4)CC3)nn2)cc1	NXBOKZRTUVPTCP-UHFFFAOYSA-N	0.228	0.14
CHEMBL3938334	CHEMBL3938334	SmoAnta	SmoAnta	O=C(NCCN1CCNCC1)c1cnc(N2CCN(c3ccc(Cc4ccccc4)nn3)CC2)cn1	HNUJUYIIXDMOPJ-UHFFFAOYSA-N	0.184	0.112
CHEMBL3951798	CHEMBL3951798	SmoAnta	SmoAnta	c1ccc(Cc2ccc(N3CCC(N4CCc5ccccc5C4)CC3)nn2)cc1	BZODBIZSQZUIIH-UHFFFAOYSA-N	0.231	0.096
CHEMBL3950902	CHEMBL3950902	SmoAnta	SmoAnta	O=C1C=CC2CCCC(CC(=O)Nc3cccc(-c4ccccn4)c3)C2C1	DSOBCOUKQWRGBY-UHFFFAOYSA-N	0.206	0.096
CHEMBL3913172	CHEMBL3913172	SmoAnta	SmoAnta	O=C1C=C2C(CCCC2CC(=O)Nc2cccc(-c3ccccn3)c2)CC1	KHDNYUBYQBNRAW-UHFFFAOYSA-N	0.226	0.105
CHEMBL3979853	CHEMBL3979853	SmoAnta	SmoAnta	O=C(CC1CCCC2CCCCC21)Nc1cccc(-c2ccccn2)c1	GDCICRXBQZJICP-UHFFFAOYSA-N	0.19	0.091
CHEMBL3906243	CHEMBL3906243	SmoAnta	SmoAnta	c1ccc(Cc2ccc(N3CCC(N4Cc5ccccc5C4)CC3)nn2)cc1	MFOJMJJYBYOJGU-UHFFFAOYSA-N	0.236	0.113
CHEMBL3934007	CHEMBL3934007	SmoAnta	SmoAnta	c1ccc(N2CCN(c3ccc(Cc4ncon4)nn3)CC2)nc1	HVQKNIYXNOWYPA-UHFFFAOYSA-N	0.179	0.104
CHEMBL3958236	CHEMBL3958236	SmoAnta	SmoAnta	c1ccc(Cc2ccc(N3CCC(c4nc5cccnc5[nH]4)CC3)nn2)cc1	VIXFJEFHZXKGEW-UHFFFAOYSA-N	0.217	0.11
CHEMBL3919359	CHEMBL3919359	SmoAnta	SmoAnta	c1ccc(-c2ccccc2-c2ccc(N3CCN(c4cnccn4)CC3)nn2)cc1	HIJWKFXANDRQBZ-UHFFFAOYSA-N	0.264	0.135
CHEMBL3890551	CHEMBL3890551	SmoAnta	SmoAnta	N=c1[nH]c2c(s1)CC1CCCC(CC(=O)Nc3cccc(-c4ccccn4)c3)C1C2	BRPKGQNGLFNGFG-UHFFFAOYSA-N	0.201	0.105
CHEMBL3959631	CHEMBL3959631	SmoAnta	SmoAnta	O=C(CC1CCCC2Cc3scnc3CC12)Nc1cccc(-c2ccccn2)c1	AZKCFRGQCNKMKX-UHFFFAOYSA-N	0.195	0.092
CHEMBL3909304	CHEMBL3909304	SmoAnta	SmoAnta	O=C(CC1CCCc2cccnc21)Nc1cccc(-c2ccccc2)c1	DHQVPGXTJBTUII-UHFFFAOYSA-N	0.22	0.091
CHEMBL1209315	CHEMBL1209315	SmoAnta	SmoAnta	O=C(c1ccccc1)N1CCN(c2nnc(-c3ncco3)c3ccccc23)CC1	UXAFLZLTUSHMKJ-UHFFFAOYSA-N	0.252	0.095
CHEMBL1209317	CHEMBL1209317	SmoAnta	SmoAnta	O=C(c1ccccc1)N1CCN(c2nnc(N3C=CCC=N3)c3ccccc23)CC1	RKOHXOODCWQHJA-UHFFFAOYSA-N	0.237	0.099
CHEMBL1209316	CHEMBL1209316	SmoAnta	SmoAnta	O=C(c1ccccc1)N1CCN(c2nnc(-n3ccnc3)c3ccccc23)CC1	LNOINRKLWVAJRC-UHFFFAOYSA-N	0.233	0.089
CHEMBL1209378	CHEMBL1209378	SmoAnta	SmoAnta	O=C(c1ccccc1)N1CCN(c2nnc(-c3cncnc3)c3ccccc23)CC1	BEZBKLXJQRIYTI-UHFFFAOYSA-N	0.237	0.119
CHEMBL366255	CHEMBL366255	SmoAnta	SmoAnta	O=C(Nc1cccc(NC(=O)c2ccc(OCc3ccccn3)cc2)c1)c1ccccc1	VVKBUGSEQNZJBX-UHFFFAOYSA-N	0.193	0.102
CHEMBL4161601	CHEMBL4161601	SmoAnta	SmoAnta	c1ccc(NCc2cccn2-c2nnc(N3CCCCC3)s2)cc1	SYUGFWGHTZESPW-UHFFFAOYSA-N	0.218	0.067
CHEMBL3262637	CHEMBL3262637	SmoAnta	SmoAnta	O=C(c1cn2c(n1)CN(c1cc(-c3ccccn3)ccn1)CC2)N1CCCCC1	ZMUCLGYHTMHEPB-UHFFFAOYSA-N	0.178	0.127
CHEMBL4175623	CHEMBL4175623	SmoAnta	SmoAnta	O=C(Nc1cccc(N2CCCN(Cc3ccccc3)C2=O)c1)OCc1ccccc1	YJYBYIKXKXYYJF-UHFFFAOYSA-N	0.233	0.071
CHEMBL4215992	CHEMBL4215992	SmoAnta	SmoAnta	O=C(NCc1ccc(-c2ccncc2)nc1)c1ccc2c(c1)[nH]c1ccccc12	YZXKQFZHSAAGRE-UHFFFAOYSA-N	0.169	0.082
CHEMBL3262638	CHEMBL3262638	SmoAnta	SmoAnta	O=C(c1cn2c(n1)CN(c1cc(-c3ccccn3)ccn1)CC2)N1CCNCC1	WBXJQDCNSRRZRY-UHFFFAOYSA-N	0.178	0.145
CHEMBL498017	CHEMBL498017	SmoAnta	SmoAnta	c1ccc(Cn2cc(C3CCN(c4ccccn4)CC3)c3ccccc32)cc1	HLELQSPPBUEOEI-UHFFFAOYSA-N	0.227	0.065
CHEMBL4173721	CHEMBL4173721	SmoAnta	SmoAnta	O=C(NCC1CC1)C1CCN(c2nnc(-n3cccc3CNc3ccccc3)s2)CC1	ODYTZMDKXMOTJN-UHFFFAOYSA-N	0.197	0.066
CHEMBL497209	CHEMBL497209	SmoAnta	SmoAnta	c1ccc(Cc2nnc(N3CCN(c4ccccn4)CC3)c3occc23)cc1	VBKICAMXYBHGCV-UHFFFAOYSA-N	0.236	0.084
CHEMBL4294637	CHEMBL4294637	SmoAnta	SmoAnta	O=C(NC1CCN(c2nnc(-c3cc[nH]n3)c3ccccc23)CC1)c1ccc(OCc2ccccc2)cc1	JADBTWXNYPOYAV-UHFFFAOYSA-N	0.2	0.08
CHEMBL4474558	CHEMBL4474558	SmoAnta	SmoAnta	O=C(NC1CCCCC1)C1CCN(c2nnc(-c3c[nH]nc3CN=c3cccc[nH]3)s2)CC1	QYQMOTMFHZPAHE-UHFFFAOYSA-N	0.14	0.085
CHEMBL2031079	CHEMBL2031079	SmoAnta	SmoAnta	O=C(NC(=S)Nc1cccc(C(=O)Nc2ccccc2)c1)c1ccccc1	IQRLTTGMPXKGCD-UHFFFAOYSA-N	0.208	0.074
CHEMBL254129	CHEMBL254129	SmoAnta	SmoAnta	C1=C2CC3C4CCCCC4=CCC3C2CCC12CC1NCCCC1O2	ZKWLIQKGFSTPTB-UHFFFAOYSA-N	0.088	0.07
CHEMBL4286296	CHEMBL4286296	SmoAnta	SmoAnta	O=C(NC1CCN(c2nncc3ccccc23)CC1)c1ccccc1	SKIHPUMMLYYZKP-UHFFFAOYSA-N	0.246	0.11
CHEMBL1086141	CHEMBL1086141	SmoAnta	SmoAnta	O=C(c1ccccc1)N1CCN(c2nnc(N3CC=CC=N3)c3ccccc23)CC1	GZQJPJMEZFQEMD-UHFFFAOYSA-N	0.237	0.097
CHEMBL4164165	CHEMBL4164165	SmoAnta	SmoAnta	O=C(Nc1ccc(N2CCN(Cc3ccccc3)CC2)nc1)c1ccccc1	QFMTZTATALIORW-UHFFFAOYSA-N	0.228	0.1
CHEMBL423915	CHEMBL423915	SmoAnta	SmoAnta	O=C(Nc1ccc2c(c1)CCC2)c1ccccc1-c1ccccc1	NPKKJVAVLQKGKZ-UHFFFAOYSA-N	0.286	0.14
CHEMBL497819	CHEMBL497819	SmoAnta	SmoAnta	c1ccc(Cc2ncc(N3CCN(c4ccccn4)CC3)c3ccccc23)cc1	ONXKKXIAADALHH-UHFFFAOYSA-N	0.231	0.067
CHEMBL497412	CHEMBL497412	SmoAnta	SmoAnta	c1ccc(Cc2nnc(N3CCN(c4ccccn4)CC3)c3ccoc23)cc1	CUWJQJDMXZVCSY-UHFFFAOYSA-N	0.236	0.084
CHEMBL4290044	CHEMBL4290044	SmoAnta	SmoAnta	O=c1c(-c2cccc(OCc3ccccc3)c2)coc2ccccc12	CRFKEWRPKQTOFM-UHFFFAOYSA-N	0.256	0.097
CHEMBL4285647	CHEMBL4285647	SmoAnta	SmoAnta	O=c1c(-c2ccccc2)coc2ccccc12	GOMNOOKGLZYEJT-UHFFFAOYSA-N	0.309	0.125
CHEMBL183630	CHEMBL183630	SmoAnta	SmoAnta	O=C(Nc1cccc(NC(=O)c2cccc(N3CCOCC3)c2)c1)c1ccc(OCc2cscn2)cc1	JZTKDOALBVNORR-UHFFFAOYSA-N	0.174	0.074
CHEMBL4172388	CHEMBL4172388	SmoAnta	SmoAnta	O=C(CCn1nc(C(=O)N2CCc3ccccc32)ccc1=O)N1CCN(c2ccccc2)CC1	QJOUPHVZKCREGF-UHFFFAOYSA-N	0.237	0.104
CHEMBL365472	CHEMBL365472	SmoAnta	SmoAnta	O=C(Nc1cccc(NC(=O)c2ccccc2)c1)c1ccccc1	SDLHRUDTCAGBLQ-UHFFFAOYSA-N	0.222	0.093
CHEMBL3604619	CHEMBL3604619	SmoAnta	SmoAnta	N=c1[nH]c2ccc(-c3cncc(NC(=O)Cc4ccccc4)c3)cc2s1	WSBOBGCPGSBIOR-UHFFFAOYSA-N	0.192	0.081
CHEMBL497003	CHEMBL497003	SmoAnta	SmoAnta	c1ccc(N2CCN(c3nnc(Cc4ccncc4)c4ccccc34)CC2)nc1	HVCKRXNCZNJASA-UHFFFAOYSA-N	0.221	0.088
CHEMBL4562011	CHEMBL4562011	SmoAnta	SmoAnta	O=C(NC1CCCCC1)C1CCN(c2nnc(-n3cccn3)s2)CC1	ZLEISVBGFGXMIH-UHFFFAOYSA-N	0.089	0.087
CHEMBL4467625	CHEMBL4467625	SmoAnta	SmoAnta	S=c1n(Cc2ccccc2)ccn1-c1ccccc1	COGHSKOXVZAERS-UHFFFAOYSA-N	0.217	0.071
CHEMBL4473720	CHEMBL4473720	SmoAnta	SmoAnta	O=C(Nc1ccc(N2CCN(c3ccc(OCC4COC(c5ccccc5)O4)cc3)CC2)cc1)c1ccccn1	RXMXJTKVWDCHOW-UHFFFAOYSA-N	0.208	0.101
CHEMBL2152370	CHEMBL2152370	SmoAnta	SmoAnta	C=C1CCCCCC(=O)OC(c2ccccc2)CNC1=O	WAVZIWGYKLTOCW-UHFFFAOYSA-N	0.243	0.121
CHEMBL4171870	CHEMBL4171870	SmoAnta	SmoAnta	O=C(NC1CC1)C1CCN(c2nnc(-n3cccc3CNc3ccccc3)s2)CC1	IEGYFFJVALPJRX-UHFFFAOYSA-N	0.201	0.086
CHEMBL4176279	CHEMBL4176279	SmoAnta	SmoAnta	O=C(C1CCN(c2nnc(-n3cccc3CNc3ccccc3)s2)CC1)N1CCCC1	ACYJSEKJKRRQDH-UHFFFAOYSA-N	0.196	0.068
CHEMBL2152381	CHEMBL2152381	SmoAnta	SmoAnta	O=C(CC1CCCCCC(=O)NC(c2ccccn2)COC1=O)N=Cc1ccccc1	CZMTWGDSVVEWTG-UHFFFAOYSA-N	0.244	0.093
CHEMBL557518	CHEMBL557518	SmoAnta	SmoAnta	c1ccc2c(c1)cnn2-c1ccncc1	VFTKEKYIXQMGJK-UHFFFAOYSA-N	0.192	0.1
CHEMBL4551454	CHEMBL4551454	SmoAnta	SmoAnta	O=C1N(Cc2ccccc2)CCN1c1ccccc1	PANHNHZIRFPKHE-UHFFFAOYSA-N	0.265	0.096
CHEMBL4168517	CHEMBL4168517	SmoAnta	SmoAnta	O=C(NCc1ccccc1)C1CCN(c2nccn3nc(-c4ccccc4)cc23)CC1	QJYNRSQGXHVPLC-UHFFFAOYSA-N	0.222	0.107
CHEMBL4647112	CHEMBL4647112	SmoAnta	SmoAnta	O=C(NC1CCN(C(=O)c2ccccc2Nc2ccc(-c3ccccc3)cc2)CC1)c1ccccc1	HHRKBIFFBADWGL-UHFFFAOYSA-N	0.218	0.121
CHEMBL495579	CHEMBL495579	SmoAnta	SmoAnta	c1ccc(Cc2nnc(N3CCC(c4ccccc4)CC3)c3ccccc23)cc1	JJSXUPUQGOZNAD-UHFFFAOYSA-N	0.231	0.059
CHEMBL2152373	CHEMBL2152373	SmoAnta	SmoAnta	O=C(CC1CCCCCC(=O)OC(c2ccccc2)C=NC1=O)NCc1ccccc1	QWGOGQGKJIIIKA-UHFFFAOYSA-N	0.264	0.089
CHEMBL497820	CHEMBL497820	SmoAnta	SmoAnta	c1ccc(Cc2cnc(N3CCN(c4ccccn4)CC3)c3ccccc23)cc1	UREQULYXVXEZFY-UHFFFAOYSA-N	0.231	0.079
CHEMBL2152375	CHEMBL2152375	SmoAnta	SmoAnta	O=C(CC1CCCCCC(=O)NC(C2CCCCC2)COC1=O)N=Cc1ccccc1	MBSVSFHAJLHSFZ-UHFFFAOYSA-N	0.181	0.097
CHEMBL2152362	CHEMBL2152362	SmoAnta	SmoAnta	O=C(CC1CCCCC(Cc2ccccc2)C(=O)NC(c2ccccc2)COC1=O)N=Cc1ccccc1	YGSALJJJEDQCJG-UHFFFAOYSA-N	0.235	0.092
CHEMBL550191	CHEMBL550191	SmoAnta	SmoAnta	c1cnc(-n2ncc3ccccc32)nc1	ZBAAVZCYKHUKIQ-UHFFFAOYSA-N	0.18	0.073
CHEMBL4289866	CHEMBL4289866	SmoAnta	SmoAnta	O=c1c(-c2ccc(OCc3ccccc3)cc2)coc2ccccc12	LUXWSZJANIYGCR-UHFFFAOYSA-N	0.256	0.102
CHEMBL2152371	CHEMBL2152371	SmoAnta	SmoAnta	C=C1CCCCCC(=O)NC(c2ccccc2)COC1=O	ZSDNDLOCZSHUCX-UHFFFAOYSA-N	0.243	0.097
CHEMBL4649551	CHEMBL4649551	SmoAnta	SmoAnta	O=C(NC1CCN(C(=O)c2ccc[nH]c2=Nc2ccccc2)CC1)c1ccccc1	UCSQWHQNZDAPML-UHFFFAOYSA-N	0.229	0.114
CHEMBL2152372	CHEMBL2152372	SmoAnta	SmoAnta	O=C1CCC=CCC(Cc2ccccc2)C(=O)NCC(c2ccccc2)O1	SOLFIJGORRETLB-UHFFFAOYSA-N	0.277	0.111
CHEMBL4537455	CHEMBL4537455	SmoAnta	SmoAnta	O=c1n(Cc2ccccc2)ccn1C1CCCCC1	IYAGSSIRIFXMBQ-UHFFFAOYSA-N	0.217	0.102
CHEMBL4582942	CHEMBL4582942	SmoAnta	SmoAnta	O=c1n(Cc2ccccc2)ccn1Cc1ccccc1	ZTKHNPJNKUGXLL-UHFFFAOYSA-N	0.234	0.097
CHEMBL2152376	CHEMBL2152376	SmoAnta	SmoAnta	O=C(CC1CCCCCC(=O)NC(Cc2ccccc2)COC1=O)N=Cc1ccccc1	DWBAXECIXLXQRD-UHFFFAOYSA-N	0.258	0.085
